country_id,traffic_source_level_1,timestamp_month,SEK_IN_FOOD,SEK_IN_DRINKS,SEK_IN_SNACKS
BR,direct,2019-01-01,306,274.8161318,125.4335007
BR,direct,2019-02-01,158,141.8985256,110.1367323
BR,direct,2019-03-01,169,151.7775369,127.8324164
BR,direct,2019-04-01,193,173.3317433,112.5390004
BR,direct,2019-05-01,212,190.39549,117.7268253
BR,direct,2019-06-01,211,189.4973981,116.8583821
BR,direct,2019-07-01,183,164.3508239,122.673353
BR,direct,2019-08-01,204,183.2107546,114.2016343
BR,direct,2019-09-01,263,236.1981787,131.5178394
BR,direct,2019-10-01,307,275.7142238,133.1386782
BR,direct,2019-11-01,299,268.5294883,154.4166083
BR,direct,2019-12-01,271,243.3829141,190.1812196
BR,online,2019-01-01,10341,4608.37625,1120.413578
BR,online,2019-02-01,7988,3559.78237,1135.733081
BR,online,2019-03-01,7212,3213.964753,1372.897904
BR,online,2019-04-01,8879,3956.84873,1368.080135
BR,online,2019-05-01,9873,4399.816141,1509.995606
BR,online,2019-06-01,10083,4493.400805,1434.753096
BR,online,2019-07-01,10577,4713.547587,1350.148924
BR,online,2019-08-01,11148,4968.008745,1416.908324
BR,online,2019-09-01,9823,4377.534078,1287.03825
BR,online,2019-10-01,11659,5195.731428,1676.212298
BR,online,2019-11-01,10864,4841.446628,1807.758628
BR,online,2019-12-01,9506,4236.265799,1922.886136
BR,partnerships,2019-01-01,1631,1382.807143,764.8384189
BR,partnerships,2019-02-01,1379,1169.154538,729.1459593
BR,partnerships,2019-03-01,1424,1207.306789,832.9725198
BR,partnerships,2019-04-01,1177,997.8933218,816.9497807
BR,partnerships,2019-05-01,1189,1008.067255,755.8284447
BR,partnerships,2019-06-01,1359,1152.197982,742.5239822
BR,partnerships,2019-07-01,933,791.0233383,725.1899422
BR,partnerships,2019-08-01,1112,942.7845147,745.6184529
BR,partnerships,2019-09-01,2149,1821.981944,925.7422276
BR,partnerships,2019-10-01,1649,1398.068044,751.0776995
BR,partnerships,2019-11-01,2658,2253.526295,866.0757597
BR,partnerships,2019-12-01,1980,1678.699046,1047.128739
DE,direct,2019-01-01,94,77.82664942,64.24642719
DE,online,2019-01-01,2340,761.3336431,390.9027102
DE,partnerships,2019-01-01,33,24.12182741,11.21763014
DE,direct,2019-02-01,53,43.88098318,58.90134694
DE,online,2019-02-01,2044,665.0281908,467.0244329
DE,partnerships,2019-02-01,20,14.61928934,6.200141783
DE,direct,2019-03-01,76,62.923674,67.73147344
DE,online,2019-03-01,2583,840.3952138,634.5557397
DE,partnerships,2019-03-01,21,15.35025381,20.84045337
DE,direct,2019-04-01,39,32.28978008,58.94178498
DE,online,2019-04-01,2560,832.9120198,576.0253453
DE,partnerships,2019-04-01,29,21.19796954,21.05063749
DE,direct,2019-05-01,54,44.70892626,50.95971283
DE,online,2019-05-01,2695,876.8351146,708.1339451
DE,partnerships,2019-05-01,20,14.61928934,19.10989231
DE,direct,2019-06-01,33,27.3221216,38.42225869
DE,online,2019-06-01,2538,825.7541822,589.8935338
DE,partnerships,2019-06-01,17,12.42639594,11.7401346
DE,direct,2019-07-01,69,57.12807245,34.46431613
DE,online,2019-07-01,2184,710.5780669,558.6951182
DE,partnerships,2019-07-01,17,12.42639594,15.07813831
DE,direct,2019-08-01,118,97.69728331,66.47147518
DE,online,2019-08-01,2344,762.6350682,529.3788789
DE,partnerships,2019-08-01,20,14.61928934,6.538177886
DE,direct,2019-09-01,120,99.35316947,106.5051273
DE,online,2019-09-01,2449,796.7974752,620.2622359
DE,partnerships,2019-09-01,35,25.58375635,18.87793284
DE,direct,2019-10-01,131,108.4605433,99.45910483
DE,online,2019-10-01,2546,828.3570322,784.8844579
DE,partnerships,2019-10-01,33,24.12182741,21.75003985
DE,direct,2019-11-01,176,145.7179819,105.954228
DE,online,2019-11-01,2697,877.4858271,861.7698511
DE,partnerships,2019-11-01,54,39.47208122,17.84492262
DE,direct,2019-12-01,85,70.37516171,96.76811887
DE,online,2019-12-01,2055,668.6071097,866.8095875
DE,partnerships,2019-12-01,28,20.46700508,20.25379232
DK,direct,2019-01-01,14,12.53913043,5.519408466
DK,direct,2019-02-01,14,12.53913043,4.716541467
DK,direct,2019-03-01,11,9.852173913,4.609640735
DK,direct,2019-04-01,10,8.956521739,4.036639183
DK,direct,2019-05-01,8,7.165217391,3.664453774
DK,direct,2019-06-01,5,4.47826087,2.35799539
DK,direct,2019-07-01,8,7.165217391,1.899470701
DK,direct,2019-08-01,6,5.373913043,1.762521613
DK,direct,2019-09-01,38,34.03478261,5.167164648
DK,direct,2019-10-01,43,38.51304348,10.99711377
DK,direct,2019-11-01,39,34.93043478,14.12688903
DK,direct,2019-12-01,15,13.43478261,12.29793097
DK,online,2019-01-01,587,252.0358017,148.3746864
DK,online,2019-02-01,474,203.5178364,164.6402033
DK,online,2019-03-01,684,293.6839665,206.2518739
DK,online,2019-04-01,676,290.2490663,211.5198932
DK,online,2019-05-01,938,402.7420476,290.3763714
DK,online,2019-06-01,1099,471.869414,278.1409345
DK,online,2019-07-01,666,285.9554411,244.4890145
DK,online,2019-08-01,665,285.5260786,225.4172378
DK,online,2019-09-01,604,259.3349646,192.278146
DK,online,2019-10-01,741,318.1576304,254.0712491
DK,online,2019-11-01,844,362.3819704,257.6980008
DK,online,2019-12-01,536,230.1383129,268.906305
DK,partnerships,2019-01-01,4,3.314285714,0.487006629
DK,partnerships,2019-02-01,0,0,0.548435054
DK,partnerships,2019-03-01,1,0.828571429,0.590979581
DK,partnerships,2019-04-01,2,1.657142857,0.345997644
DK,partnerships,2019-05-01,2,1.657142857,0.631802375
DK,partnerships,2019-06-01,1,0.828571429,0.512607694
DK,partnerships,2019-07-01,3,2.485714286,0.542705915
DK,partnerships,2019-08-01,4,3.314285714,0.742114363
DK,partnerships,2019-09-01,2,1.657142857,0.894316958
DK,partnerships,2019-10-01,2,1.657142857,1.011228852
DK,partnerships,2019-11-01,1,0.828571429,0.588620376
DK,partnerships,2019-12-01,1,0.828571429,0.507131174
ES,direct,2019-01-01,11,1.794051807,1.162016854
ES,direct,2019-02-01,3,0.489286856,0.709448668
ES,direct,2019-03-01,2,0.326191238,0.599682467
ES,direct,2019-04-01,1,0.163095619,0.29371867
ES,direct,2019-05-01,2,0.326191238,0.185000405
ES,direct,2019-06-01,8,1.30476495,0.383896554
ES,direct,2019-07-01,0,0,0.232697832
ES,direct,2019-08-01,2,0.326191238,0.309353276
ES,direct,2019-09-01,32,5.219059802,1.001016297
ES,direct,2019-10-01,17,2.77262552,1.453581419
ES,direct,2019-11-01,21,3.425007995,2.932173777
ES,direct,2019-12-01,14,2.283338663,2.795690612
ES,online,2019-01-01,438,71.43588104,33.90057866
ES,online,2019-02-01,463,75.51327151,30.93702943
ES,online,2019-03-01,521,84.9728174,53.29677929
ES,online,2019-04-01,560,91.33354653,75.58360435
ES,online,2019-05-01,658,107.3169172,64.3431407
ES,online,2019-06-01,510,83.17876559,60.30665863
ES,online,2019-07-01,527,85.95139111,39.44228257
ES,online,2019-08-01,428,69.80492485,45.32025492
ES,online,2019-09-01,381,62.13943076,39.33405216
ES,online,2019-10-01,424,69.15254237,35.14246843
ES,online,2019-11-01,507,82.68947873,54.95731423
ES,online,2019-12-01,430,70.13111609,73.17182545
ES,partnerships,2019-01-01,38,6.197633515,7.15115871
ES,partnerships,2019-02-01,23,3.751199232,6.131663492
ES,partnerships,2019-03-01,22,3.588103614,7.174566443
ES,partnerships,2019-04-01,15,2.446434282,2.042800118
ES,partnerships,2019-05-01,15,2.446434282,5.106598468
ES,partnerships,2019-06-01,20,3.261912376,5.110733782
ES,partnerships,2019-07-01,8,1.30476495,5.330038185
ES,partnerships,2019-08-01,7,1.141669332,7.210040556
ES,partnerships,2019-09-01,56,9.133354653,0
ES,partnerships,2019-10-01,35,5.708346658,8.65971917
ES,partnerships,2019-11-01,43,7.013111609,8.14182433
ES,partnerships,2019-12-01,49,7.991685321,7.113927474
FI,direct,2019-01-01,0,0,1.708683928
FI,direct,2019-02-01,8,6.490566038,1.503381566
FI,direct,2019-03-01,3,2.433962264,1.877879942
FI,direct,2019-04-01,10,8.113207547,3.774191255
FI,direct,2019-05-01,8,6.490566038,3.502376869
FI,direct,2019-06-01,5,4.056603774,3.265721196
FI,direct,2019-07-01,3,2.433962264,2.301378752
FI,direct,2019-08-01,4,3.245283019,1.918749951
FI,direct,2019-09-01,15,12.16981132,4.098864739
FI,direct,2019-10-01,15,12.16981132,6.899159116
FI,direct,2019-11-01,11,8.924528302,7.793008576
FI,direct,2019-12-01,2,1.622641509,5.846767032
FI,online,2019-01-01,1326,717.7122948,538.8926233
FI,online,2019-02-01,1174,635.4405989,547.2308901
FI,online,2019-03-01,1438,778.3335445,672.2810192
FI,online,2019-04-01,1564,846.5324503,750.5248895
FI,online,2019-05-01,2000,1082.522315,834.2328141
FI,online,2019-06-01,2082,1126.90573,801.6635596
FI,online,2019-07-01,1386,750.1879643,786.4961886
FI,online,2019-08-01,1376,744.7753527,774.5353971
FI,online,2019-09-01,1437,777.7922833,782.324229
FI,online,2019-10-01,1469,795.1126404,868.8882157
FI,online,2019-11-01,2166,1172.371667,964.0521829
FI,online,2019-12-01,1246,674.4114022,1019.216782
FI,partnerships,2019-01-01,0,0,0.131437225
FI,partnerships,2019-02-01,0,0,0
FI,partnerships,2019-03-01,0,0,0
FI,partnerships,2019-04-01,1,1,0.179723393
FI,partnerships,2019-05-01,1,1,0.333559702
FI,partnerships,2019-06-01,0,0,0.283975756
FI,partnerships,2019-07-01,0,0,0.143836172
FI,partnerships,2019-08-01,0,0,0
FI,partnerships,2019-09-01,4,4,0.745248134
FI,partnerships,2019-10-01,1,1,1.014582223
FI,partnerships,2019-11-01,1,1,1.140440279
FI,partnerships,2019-12-01,0,0,0.417626217
FR,direct,2019-01-01,4,3.252747253,1.564324311
FR,direct,2019-02-01,7,5.692307692,0.869329777
FR,direct,2019-03-01,14,11.38461538,1.845748607
FR,direct,2019-04-01,33,26.83516484,3.994843086
FR,direct,2019-05-01,5,4.065934066,3.950512159
FR,direct,2019-06-01,3,2.43956044,3.550575559
FR,direct,2019-07-01,1,0.813186813,0.717413637
FR,direct,2019-08-01,0,0,0.292703201
FR,direct,2019-09-01,13,10.57142857,1.2890008
FR,direct,2019-10-01,60,48.79120879,6.827350664
FR,direct,2019-11-01,25,20.32967033,7.668750346
FR,direct,2019-12-01,3,2.43956044,9.176662564
FR,online,2019-01-01,3357,1309.061676,524.8796916
FR,online,2019-02-01,3050,1189.34707,567.1755845
FR,online,2019-03-01,3879,1512.615503,759.414807
FR,online,2019-04-01,3615,1409.66874,780.0301018
FR,online,2019-05-01,4309,1680.293942,896.6902886
FR,online,2019-06-01,4266,1663.526098,1055.646733
FR,online,2019-07-01,3510,1368.724005,963.3270897
FR,online,2019-08-01,3325,1296.583281,812.3245598
FR,online,2019-09-01,4679,1824.57539,1060.111086
FR,online,2019-10-01,5258,2050.356358,1240.333212
FR,online,2019-11-01,5253,2048.406609,1188.656304
FR,online,2019-12-01,3690,1438.914979,1480.883921
FR,partnerships,2019-01-01,76,48.03393425,11.20650825
FR,partnerships,2019-02-01,85,53.72216331,15.50351964
FR,partnerships,2019-03-01,95,60.04241782,32.50559266
FR,partnerships,2019-04-01,95,60.04241782,28.82858625
FR,partnerships,2019-05-01,73,46.1378579,37.90297792
FR,partnerships,2019-06-01,90,56.88229056,31.77772804
FR,partnerships,2019-07-01,50,31.60127253,28.92449564
FR,partnerships,2019-08-01,42,26.54506893,21.40244266
FR,partnerships,2019-09-01,16,10.11240721,13.42712836
FR,partnerships,2019-10-01,61,38.55355249,11.63817963
FR,partnerships,2019-11-01,80,50.56203606,10.50073467
FR,partnerships,2019-12-01,67,42.3457052,14.34186335
GB,direct,2019-01-01,128,92.89684991,81.58276468
GB,direct,2019-02-01,156,113.2180358,116.8938782
GB,direct,2019-03-01,158,114.6695491,150.5940488
GB,direct,2019-04-01,175,127.007412,118.2210454
GB,direct,2019-05-01,109,79.10747375,160.7442055
GB,direct,2019-06-01,141,102.3316862,115.3699277
GB,direct,2019-07-01,210,152.4088944,90.7298968
GB,direct,2019-08-01,85,61.68931439,57.27566622
GB,direct,2019-09-01,230,166.9240272,122.2329025
GB,direct,2019-10-01,324,235.1451513,129.5515636
GB,direct,2019-11-01,659,478.2736257,225.0657324
GB,direct,2019-12-01,100,72.57566399,247.4298715
GB,online,2019-01-01,13275,7456.658627,3168.840057
GB,online,2019-02-01,12874,7231.414174,3901.526789
GB,online,2019-03-01,14777,8300.342338,4836.859688
GB,online,2019-04-01,15448,8677.247644,4974.720407
GB,online,2019-05-01,17062,9583.842523,5941.943784
GB,online,2019-06-01,16662,9359.159777,6208.553821
GB,online,2019-07-01,15483,8696.907384,5499.319911
GB,online,2019-08-01,14644,8225.635325,5148.750901
GB,online,2019-09-01,15775,8860.925788,5429.162204
GB,online,2019-10-01,16268,9137.847273,5528.242275
GB,online,2019-11-01,18453,10365.17677,6893.702996
GB,online,2019-12-01,13431,7544.284898,6454.301816
GB,partnerships,2019-01-01,456,359.9008264,90.76082571
GB,partnerships,2019-02-01,150,118.3884298,85.1069464
GB,partnerships,2019-03-01,146,115.231405,88.70608351
GB,partnerships,2019-04-01,106,83.66115702,85.03619054
GB,partnerships,2019-05-01,118,93.1322314,84.5472769
GB,partnerships,2019-06-01,117,92.34297521,82.85658444
GB,partnerships,2019-07-01,127,100.2355372,70.6849196
GB,partnerships,2019-08-01,101,79.71487603,67.88227108
GB,partnerships,2019-09-01,125,98.65702479,70.99372813
GB,partnerships,2019-10-01,201,158.6404959,74.75548127
GB,partnerships,2019-11-01,229,180.7396694,120.6093877
GB,partnerships,2019-12-01,317,250.1942149,88.98793625
IT,direct,2019-01-01,8,2.103986135,2.36782776
IT,direct,2019-02-01,13,3.41897747,2.027037699
IT,direct,2019-03-01,4,1.051993068,1.554946911
IT,direct,2019-04-01,4,1.051993068,1.372333841
IT,direct,2019-05-01,2,0.525996534,0.633257384
IT,direct,2019-06-01,0,0,0.211678533
IT,direct,2019-07-01,2,0.525996534,0.183794476
IT,direct,2019-08-01,0,0,0.076404554
IT,direct,2019-09-01,49,12.88691508,2.818205572
IT,direct,2019-10-01,30,7.889948007,3.699144338
IT,direct,2019-11-01,39,10.25693241,4.254152766
IT,direct,2019-12-01,10,2.629982669,7.438864896
IT,online,2019-01-01,188,49.44367418,20.23038806
IT,online,2019-02-01,159,41.81672444,31.974885
IT,online,2019-03-01,167,43.92071057,31.9697085
IT,online,2019-04-01,135,35.50476603,30.12599527
IT,online,2019-05-01,268,70.48353553,36.09567087
IT,online,2019-06-01,183,48.12868284,20.67393674
IT,online,2019-07-01,136,35.7677643,26.97183934
IT,online,2019-08-01,131,34.45277296,17.19102457
IT,online,2019-09-01,258,67.85355286,29.01093971
IT,online,2019-10-01,257,67.59055459,30.24869927
IT,online,2019-11-01,237,62.33058925,27.11121085
IT,online,2019-12-01,184,48.39168111,63.84241012
IT,partnerships,2019-01-01,28,7.363951473,4.15408379
IT,partnerships,2019-02-01,31,8.152946274,6.277278036
IT,partnerships,2019-03-01,24,6.311958406,5.162423745
IT,partnerships,2019-04-01,12,3.155979203,4.378398444
IT,partnerships,2019-05-01,14,3.681975737,3.166286919
IT,partnerships,2019-06-01,10,2.629982669,1.270071199
IT,partnerships,2019-07-01,0,0,1.102766855
IT,partnerships,2019-08-01,0,0,0.382022768
IT,partnerships,2019-09-01,5,1.314991334,0.276294664
IT,partnerships,2019-10-01,11,2.892980936,0.74919379
IT,partnerships,2019-11-01,35,9.204939341,1.838659246
IT,partnerships,2019-12-01,37,9.730935875,7.815516283
MX,direct,2019-01-01,265,227.3594397,150.4003422
MX,direct,2019-02-01,421,361.2012231,158.2573393
MX,direct,2019-03-01,459,393.8037088,249.2958412
MX,direct,2019-04-01,372,319.1611758,209.5288265
MX,direct,2019-05-01,482,413.5367923,225.8658456
MX,direct,2019-06-01,381,326.8828171,207.3107459
MX,direct,2019-07-01,473,405.8151509,211.8770355
MX,direct,2019-08-01,655,561.9638982,319.6038503
MX,direct,2019-09-01,614,526.7875321,315.996033
MX,direct,2019-10-01,608,521.6397712,493.6256567
MX,direct,2019-11-01,685,587.7027027,496.9041231
MX,direct,2019-12-01,380,326.024857,437.348294
MX,online,2019-01-01,7910,4240.97282,1650.23408
MX,online,2019-02-01,8541,4579.28557,2005.923456
MX,online,2019-03-01,8389,4497.790264,2689.408207
MX,online,2019-04-01,8164,4377.155765,2479.352117
MX,online,2019-05-01,8740,4685.980082,2805.416395
MX,online,2019-06-01,7510,4026.511489,2604.863603
MX,online,2019-07-01,7653,4103.181415,2659.479061
MX,online,2019-08-01,7619,4084.952202,2686.308876
MX,online,2019-09-01,8677,4652.202422,2683.534254
MX,online,2019-10-01,9456,5069.865864,2447.256006
MX,online,2019-11-01,11018,5907.337362,2892.492319
MX,online,2019-12-01,8697,4662.925489,3432.717922
MX,partnerships,2019-01-01,1256,1079.299491,543.5011502
MX,partnerships,2019-02-01,1251,1075.002917,622.5687951
MX,partnerships,2019-03-01,1369,1176.402073,684.9295525
MX,partnerships,2019-04-01,1327,1140.310848,645.4282871
MX,partnerships,2019-05-01,1691,1453.101465,765.8429541
MX,partnerships,2019-06-01,1592,1368.029291,774.834722
MX,partnerships,2019-07-01,1602,1376.62244,896.9786439
MX,partnerships,2019-08-01,1847,1587.154586,1060.760561
MX,partnerships,2019-09-01,1748,1502.082413,1135.024441
MX,partnerships,2019-10-01,1944,1670.50813,895.7240612
MX,partnerships,2019-11-01,2002,1720.348393,944.440068
MX,partnerships,2019-12-01,1599,1374.044495,1457.185329
NL,direct,2019-01-01,58,42.90763766,31.66241032
NL,direct,2019-02-01,59,43.64742451,28.55396764
NL,direct,2019-03-01,409,302.5728242,52.01483656
NL,direct,2019-04-01,88,65.10124334,57.97650988
NL,direct,2019-05-01,115,85.07548845,71.7073113
NL,direct,2019-06-01,62,45.86678508,113.1134368
NL,direct,2019-07-01,40,29.59147425,76.30310542
NL,direct,2019-08-01,58,42.90763766,54.74669448
NL,direct,2019-09-01,45,33.29040853,59.34526232
NL,direct,2019-10-01,74,54.74422735,45.34998073
NL,direct,2019-11-01,114,84.3357016,46.61259724
NL,direct,2019-12-01,47,34.76998224,48.75716015
NL,online,2019-01-01,2717,1211.994713,844.4601942
NL,online,2019-02-01,2341,1044.269276,816.4700447
NL,online,2019-03-01,3296,1470.274043,1193.824825
NL,online,2019-04-01,3101,1383.288777,1127.900923
NL,online,2019-05-01,3479,1551.90637,1392.674631
NL,online,2019-06-01,3584,1598.74459,1385.091254
NL,online,2019-07-01,2733,1219.131966,1061.774648
NL,online,2019-08-01,2615,1166.494728,888.7533688
NL,online,2019-09-01,3240,1445.293659,1208.686726
NL,online,2019-10-01,3353,1495.700506,1504.321935
NL,online,2019-11-01,4138,1845.871963,1612.565383
NL,online,2019-12-01,2946,1314.146642,1676.681562
NL,partnerships,2019-01-01,41,32.66557377,20.4273615
NL,partnerships,2019-02-01,32,25.49508197,24.4748294
NL,partnerships,2019-03-01,45,35.85245902,27.53726642
NL,partnerships,2019-04-01,33,26.29180328,21.74119121
NL,partnerships,2019-05-01,37,29.47868852,29.52653995
NL,partnerships,2019-06-01,33,26.29180328,28.81191314
NL,partnerships,2019-07-01,34,27.08852459,25.07102035
NL,partnerships,2019-08-01,53,42.22622951,20.8037439
NL,partnerships,2019-09-01,41,32.66557377,36.76410516
NL,partnerships,2019-10-01,35,27.8852459,27.18269081
NL,partnerships,2019-11-01,41,32.66557377,31.83299324
NL,partnerships,2019-12-01,34,27.08852459,32.50477343
NO,direct,2019-01-01,13,10.94350282,23.45504485
NO,direct,2019-02-01,10,8.418079096,18.52109239
NO,direct,2019-03-01,10,8.418079096,15.57123193
NO,direct,2019-04-01,14,11.78531073,12.5704627
NO,direct,2019-05-01,11,9.259887006,13.73881879
NO,direct,2019-06-01,19,15.99435028,15.99378022
NO,direct,2019-07-01,8,6.734463277,8.608058279
NO,direct,2019-08-01,19,15.99435028,20.61404851
NO,direct,2019-09-01,65,54.71751412,18.72837721
NO,direct,2019-10-01,77,64.81920904,38.66346794
NO,direct,2019-11-01,52,43.7740113,34.5072771
NO,direct,2019-12-01,29,24.41242938,41.54565871
NO,online,2019-01-01,1559,788.8274947,543.868706
NO,online,2019-02-01,1649,834.3659646,552.9451428
NO,online,2019-03-01,1925,974.0172722,825.3705313
NO,online,2019-04-01,1734,877.3745195,791.8660599
NO,online,2019-05-01,1965,994.2565921,789.2617736
NO,online,2019-06-01,2167,1096.465158,912.1584411
NO,online,2019-07-01,1396,706.352266,679.8592975
NO,online,2019-08-01,1704,862.1950295,773.3437909
NO,online,2019-09-01,1896,959.3437652,791.0874942
NO,online,2019-10-01,1982,1002.858303,847.8652973
NO,online,2019-11-01,2170,1097.983107,959.8000332
NO,online,2019-12-01,1331,673.4633711,898.4596762
NO,partnerships,2019-01-01,23,19.08071749,11.21763014
NO,partnerships,2019-02-01,18,14.93273543,11.31844535
NO,partnerships,2019-03-01,19,15.76233184,18.68547831
NO,partnerships,2019-04-01,28,23.22869955,13.61800125
NO,partnerships,2019-05-01,13,10.78475336,11.62515436
NO,partnerships,2019-06-01,18,14.93273543,18.12628425
NO,partnerships,2019-07-01,8,6.6367713,12.91208742
NO,partnerships,2019-08-01,25,20.73991031,10.84949922
NO,partnerships,2019-09-01,28,23.22869955,14.83228666
NO,partnerships,2019-10-01,21,17.42152466,19.09168774
NO,partnerships,2019-11-01,21,17.42152466,16.69706956
NO,partnerships,2019-12-01,21,17.42152466,24.7028241
SE,direct,2019-01-01,37,28.40710383,48.94965881
SE,direct,2019-02-01,23,17.65846995,31.89944909
SE,direct,2019-03-01,21,16.12295082,43.60071915
SE,direct,2019-04-01,35,26.8715847,31.43295394
SE,direct,2019-05-01,39,29.94262295,40.2015427
SE,direct,2019-06-01,45,34.54918033,45.91752285
SE,direct,2019-07-01,17,13.05191257,28.05263844
SE,direct,2019-08-01,26,19.96174863,28.2828082
SE,direct,2019-09-01,138,105.9508197,72.42125825
SE,direct,2019-10-01,152,116.6994536,80.63125739
SE,direct,2019-11-01,159,122.0737705,115.0657154
SE,direct,2019-12-01,91,69.86612022,95.02717812
SE,online,2019-01-01,1751,696.7748627,573.1397297
SE,online,2019-02-01,1468,584.1607644,507.9971248
SE,online,2019-03-01,2498,994.0283307,671.465472
SE,online,2019-04-01,2059,819.337203,695.505103
SE,online,2019-05-01,2663,1059.686727,837.379928
SE,online,2019-06-01,2768,1101.469343,850.753925
SE,online,2019-07-01,1651,656.9818951,726.18405
SE,online,2019-08-01,1869,743.7305645,637.5673328
SE,online,2019-09-01,2120,843.6109132,659.443892
SE,online,2019-10-01,2325,925.1864968,713.4728859
SE,online,2019-11-01,2910,1157.975357,844.7118142
SE,online,2019-12-01,1827,727.0175181,840.1141833
SE,partnerships,2019-01-01,12,7.466666667,1.761794995
SE,partnerships,2019-02-01,0,0,1.610133518
SE,partnerships,2019-03-01,7,4.355555556,2.231562702
SE,partnerships,2019-04-01,5,3.111111111,1.385238379
SE,partnerships,2019-05-01,14,8.711111111,3.015495586
SE,partnerships,2019-06-01,7,4.355555556,2.953217897
SE,partnerships,2019-07-01,11,6.844444444,3.281260887
SE,partnerships,2019-08-01,6,3.733333333,2.433463102
SE,partnerships,2019-09-01,8,4.977777778,2.923066897
SE,partnerships,2019-10-01,5,3.111111111,2.146972574
SE,partnerships,2019-11-01,3,1.866666667,1.837578386
SE,partnerships,2019-12-01,4,2.488888889,1.427551713
DE,direct,00:00.0,149.77,,104.43
DE,direct,00:00.0,140.7,,69.55
DE,direct,00:00.0,116.87,,93.59
DE,direct,00:00.0,115.73,,70.16
DE,direct,00:00.0,163.39,,103.44
DE,direct,00:00.0,149.77,,131.31
DE,direct,00:00.0,135.02,,88.26
DE,direct,00:00.0,88.5,,79.06
DE,direct,00:00.0,106.65,,123.09
DE,direct,00:00.0,138.43,,91.41
DE,direct,00:00.0,226.93,,107.61
DE,direct,00:00.0,285.93,,121.96
DE,online,00:00.0,2067.69,,333.09
DE,online,00:00.0,1652.04,,387.46
DE,online,00:00.0,2449.02,,516.89
DE,online,00:00.0,1564.06,,512.06
DE,online,00:00.0,1767.77,,570.62
DE,online,00:00.0,1428.46,,560.92
DE,online,00:00.0,1329.96,,512.12
DE,online,00:00.0,1901.76,,481.4
DE,online,00:00.0,2439.42,,609.16
DE,online,00:00.0,2382.72,,620.65
DE,online,00:00.0,2935,,804.35
DE,online,00:00.0,1913.52,,826.27
DE,partnerships,00:00.0,32.94,,12.52
DE,partnerships,00:00.0,44.57,,11.88
DE,partnerships,00:00.0,31.01,,12.47
DE,partnerships,00:00.0,15.5,,9.99
DE,partnerships,00:00.0,21.32,,9.12
DE,partnerships,00:00.0,25.19,,8.27
DE,partnerships,00:00.0,19.38,,7.44
DE,partnerships,00:00.0,23.25,,7.69
DE,partnerships,00:00.0,31.01,,9.71
DE,partnerships,00:00.0,34.88,,9.77
DE,partnerships,00:00.0,42.64,,12.84
DE,partnerships,00:00.0,17.44,,13.39
DK,direct,00:00.0,15.72,,8.62
DK,direct,00:00.0,13.1,,12.87
DK,direct,00:00.0,7.86,,7.64
DK,direct,00:00.0,3.14,,12.32
DK,direct,00:00.0,27.51,,16.41
DK,direct,00:00.0,19.65,,12.65
DK,direct,00:00.0,15.72,,13.48
DK,direct,00:00.0,28.82,,14.19
DK,direct,00:00.0,20.96,,12.03
DK,direct,00:00.0,20.3,,12.6
DK,direct,00:00.0,19.19,,15.09
DK,direct,00:00.0,19.19,,8.95
DK,online,00:00.0,811.77,,151.09
DK,online,00:00.0,680.74,,184.73
DK,online,00:00.0,913.61,,236.84
DK,online,00:00.0,709.01,,267.08
DK,online,00:00.0,859.16,,351.73
DK,online,00:00.0,759.73,,332.85
DK,online,00:00.0,654.94,,286.81
DK,online,00:00.0,952.94,,287.13
DK,online,00:00.0,888.4,,319.51
DK,online,00:00.0,1027.63,,274.23
DK,online,00:00.0,1112.97,,277.5
DK,online,00:00.0,586.1,,268.13
DK,partnerships,00:00.0,10.52,,0.55
DK,partnerships,00:00.0,5.26,,1.4
DK,partnerships,00:00.0,5.26,,2.11
DK,partnerships,00:00.0,3.5,,2.27
DK,partnerships,00:00.0,0,,2.36
DK,partnerships,00:00.0,5.26,,1.8
DK,partnerships,00:00.0,3.5,,1.42
DK,partnerships,00:00.0,7.01,,1.9
DK,partnerships,00:00.0,1.75,,2.33
DK,partnerships,00:00.0,1.75,,1.97
DK,partnerships,00:00.0,3.5,,1.46
DK,partnerships,00:00.0,1.75,,1.15
ES,direct,00:00.0,0,,2.13
ES,direct,00:00.0,0,,2.99
ES,direct,00:00.0,0,,1.59
ES,direct,00:00.0,0,,1.14
ES,direct,00:00.0,0,,0
ES,direct,00:00.0,0,,0
ES,direct,00:00.0,0,,0
ES,direct,00:00.0,0,,0
ES,direct,00:00.0,0,,0
ES,direct,00:00.0,0,,0
ES,direct,00:00.0,0,,0
ES,direct,00:00.0,0,,0
ES,online,00:00.0,460.74,,33.88
ES,online,00:00.0,458.22,,21.62
ES,online,00:00.0,430.52,,52.99
ES,online,00:00.0,278.98,,71.02
ES,online,00:00.0,311.49,,65.66
ES,online,00:00.0,305.42,,81.52
ES,online,00:00.0,251.47,,64.23
ES,online,00:00.0,310.75,,57.97
ES,online,00:00.0,397.88,,82.27
ES,online,00:00.0,333.28,,43.96
ES,online,00:00.0,648.94,,82.79
ES,online,00:00.0,457.43,,116.18
ES,partnerships,00:00.0,0,,0.71
ES,partnerships,00:00.0,0,,0.38
ES,partnerships,00:00.0,0,,0.56
ES,partnerships,00:00.0,0,,0.26
ES,partnerships,00:00.0,0,,0
ES,partnerships,00:00.0,0,,0
ES,partnerships,00:00.0,0,,0
ES,partnerships,00:00.0,0,,0
ES,partnerships,00:00.0,0,,0
ES,partnerships,00:00.0,0,,0
ES,partnerships,00:00.0,0,,0
ES,partnerships,00:00.0,0,,0
FI,direct,00:00.0,32.21,,3.2
FI,direct,00:00.0,5.36,,8.06
FI,direct,00:00.0,7.15,,7.84
FI,direct,00:00.0,0,,6.28
FI,direct,00:00.0,44.73,,5.32
FI,direct,00:00.0,46.52,,23.47
FI,direct,00:00.0,8.94,,12.34
FI,direct,00:00.0,14.31,,12.02
FI,direct,00:00.0,10.73,,12.64
FI,direct,00:00.0,12.52,,10.48
FI,direct,00:00.0,32.21,,12.84
FI,direct,00:00.0,25.05,,12.74
FI,online,00:00.0,1425.5,,370.11
FI,online,00:00.0,1287.25,,472.56
FI,online,00:00.0,1766,,609.26
FI,online,00:00.0,1391.41,,800.84
FI,online,00:00.0,1601.55,,920.65
FI,online,00:00.0,1379.01,,933.17
FI,online,00:00.0,1215.46,,893.09
FI,online,00:00.0,1650.45,,764.18
FI,online,00:00.0,1505.47,,871.56
FI,online,00:00.0,1291.89,,807.11
FI,online,00:00.0,1815.45,,822.2
FI,online,00:00.0,1139.88,,831.18
FI,partnerships,00:00.0,6.44,,0.39
FI,partnerships,00:00.0,6.44,,1.16
FI,partnerships,00:00.0,14.49,,2.62
FI,partnerships,00:00.0,8.05,,4.65
FI,partnerships,00:00.0,6.44,,5.96
FI,partnerships,00:00.0,3.22,,5.37
FI,partnerships,00:00.0,4.83,,4.31
FI,partnerships,00:00.0,3.22,,2.74
FI,partnerships,00:00.0,4.83,,2.76
FI,partnerships,00:00.0,9.66,,2.84
FI,partnerships,00:00.0,8.05,,3.83
FI,partnerships,00:00.0,8.05,,5.01
FR,direct,00:00.0,29.6,,12.43
FR,direct,00:00.0,22.77,,6.83
FR,direct,00:00.0,22.77,,13.45
FR,direct,00:00.0,92.05,,10.48
FR,direct,00:00.0,107.7,,25.69
FR,direct,00:00.0,81.33,,49.93
FR,direct,00:00.0,118.77,,122.17
FR,direct,00:00.0,96.81,,23.62
FR,direct,00:00.0,70.57,,69.51
FR,direct,00:00.0,92.82,,94.83
FR,direct,00:00.0,134.93,,114.17
FR,direct,00:00.0,127.53,,66.37
FR,online,00:00.0,1198.72,,211.22
FR,online,00:00.0,1317.98,,301.33
FR,online,00:00.0,2163.23,,447.55
FR,online,00:00.0,2421.41,,515.77
FR,online,00:00.0,2161.12,,587.45
FR,online,00:00.0,2162.19,,655.18
FR,online,00:00.0,1595.58,,671.64
FR,online,00:00.0,1725.73,,377.54
FR,online,00:00.0,2201.31,,534.64
FR,online,00:00.0,2217.41,,542.45
FR,online,00:00.0,2736.94,,639.06
FR,online,00:00.0,1603.73,,808.19
FR,partnerships,00:00.0,29.14,,10.48
FR,partnerships,00:00.0,29.14,,12.8
FR,partnerships,00:00.0,29.14,,13.39
FR,partnerships,00:00.0,26.22,,10.47
FR,partnerships,00:00.0,58.28,,9.7
FR,partnerships,00:00.0,52.45,,11.16
FR,partnerships,00:00.0,52.45,,14.09
FR,partnerships,00:00.0,14.57,,8.68
FR,partnerships,00:00.0,37.88,,12.31
FR,partnerships,00:00.0,45.16,,10.5
FR,partnerships,00:00.0,45.16,,12.43
FR,partnerships,00:00.0,45.16,,16.97
GB,direct,00:00.0,172.2,,126.55
GB,direct,00:00.0,197.95,,140.23
GB,direct,00:00.0,185.07,,183.24
GB,direct,00:00.0,151.59,,119.05
GB,direct,00:00.0,150.31,,141.61
GB,direct,00:00.0,105.24,,109.06
GB,direct,00:00.0,177.35,,100.84
GB,direct,00:00.0,172.2,,86.69
GB,direct,00:00.0,98.8,,96.35
GB,direct,00:00.0,134.5,,84.37
GB,direct,00:00.0,215.63,,104.58
GB,direct,00:00.0,201.37,,116.82
GB,online,00:00.0,7244.38,,2062.94
GB,online,00:00.0,7499.49,,2489.39
GB,online,00:00.0,9330.15,,2994.45
GB,online,00:00.0,8559.97,,3286.89
GB,online,00:00.0,9141.59,,3403.25
GB,online,00:00.0,8925.9,,3439.26
GB,online,00:00.0,9673.62,,3469.49
GB,online,00:00.0,10327.64,,3366.56
GB,online,00:00.0,13057.6,,3796.52
GB,online,00:00.0,13642.35,,4405.87
GB,online,00:00.0,16542.15,,6006.39
GB,online,00:00.0,6065.76,,5262.23
GB,partnerships,00:00.0,125.91,,63.61
GB,partnerships,00:00.0,102.71,,74.3
GB,partnerships,00:00.0,44.73,,107.34
GB,partnerships,00:00.0,54.67,,54.94
GB,partnerships,00:00.0,111,,54.84
GB,partnerships,00:00.0,97.74,,57.22
GB,partnerships,00:00.0,122.59,,70.37
GB,partnerships,00:00.0,101.06,,63.52
GB,partnerships,00:00.0,112.65,,75.11
GB,partnerships,00:00.0,161.08,,73.17
GB,partnerships,00:00.0,290.36,,123.7
GB,partnerships,00:00.0,120.81,,83.87
IT,direct,00:00.0,0,,1.94
IT,direct,00:00.0,0,,1.37
IT,direct,00:00.0,0,,2.34
IT,direct,00:00.0,0,,1.3
IT,direct,00:00.0,0,,0
IT,direct,00:00.0,0,,0
IT,direct,00:00.0,0,,0
IT,direct,00:00.0,0,,0
IT,direct,00:00.0,0,,0
IT,direct,00:00.0,0,,0
IT,direct,00:00.0,0,,0
IT,direct,00:00.0,0,,0
IT,online,00:00.0,146.51,,31.11
IT,online,00:00.0,121.5,,24.77
IT,online,00:00.0,164.38,,29.09
IT,online,00:00.0,121.5,,42.34
IT,online,00:00.0,223.35,,36.91
IT,online,00:00.0,169.74,,38.18
IT,online,00:00.0,125.07,,57.83
IT,online,00:00.0,201.9,,39.29
IT,online,00:00.0,309.11,,46.34
IT,online,00:00.0,343.06,,48.72
IT,online,00:00.0,312.69,,39.99
IT,online,00:00.0,284.1,,111.92
IT,partnerships,00:00.0,0,,0.95
IT,partnerships,00:00.0,0,,1.26
IT,partnerships,00:00.0,0,,1.09
IT,partnerships,00:00.0,0,,0.53
IT,partnerships,00:00.0,0,,0
IT,partnerships,00:00.0,0,,0
IT,partnerships,00:00.0,0,,0
IT,partnerships,00:00.0,0,,0
IT,partnerships,00:00.0,0,,0
IT,partnerships,00:00.0,0,,0
IT,partnerships,00:00.0,0,,0
IT,partnerships,00:00.0,0,,0
MX,direct,00:00.0,286.38,,107.33
MX,direct,00:00.0,321.06,,145
MX,direct,00:00.0,341.2,,147.31
MX,direct,00:00.0,417.27,,146.4
MX,direct,00:00.0,484.39,,196.1
MX,direct,00:00.0,441.88,,217.61
MX,direct,00:00.0,429.57,,268.37
MX,direct,00:00.0,429.57,,204.54
MX,direct,00:00.0,412.79,,192.92
MX,direct,00:00.0,488.86,,247.65
MX,direct,00:00.0,528.02,,306.06
MX,direct,00:00.0,453.07,,299.27
MX,online,00:00.0,5829.07,,1353.44
MX,online,00:00.0,5963.56,,1590.84
MX,online,00:00.0,6099.76,,1726.81
MX,online,00:00.0,6646.23,,1628.42
MX,online,00:00.0,7051.41,,1852.5
MX,online,00:00.0,7051.41,,1836.25
MX,online,00:00.0,7065.03,,2012.93
MX,online,00:00.0,7065.03,,2010.43
MX,online,00:00.0,6796.05,,1849.8
MX,online,00:00.0,7863.46,,1934.56
MX,online,00:00.0,7999.65,,2050.9
MX,online,00:00.0,6920.32,,2187.79
MX,partnerships,00:00.0,956.1,,255.74
MX,partnerships,00:00.0,973.03,,353.93
MX,partnerships,00:00.0,989.97,,448.68
MX,partnerships,00:00.0,1447.17,,610.29
MX,partnerships,00:00.0,1499.28,,793.86
MX,partnerships,00:00.0,1499.28,,898.92
MX,partnerships,00:00.0,1727.23,,1059.85
MX,partnerships,00:00.0,1727.23,,1041.68
MX,partnerships,00:00.0,1692.06,,944.19
MX,partnerships,00:00.0,1732.44,,913.5
MX,partnerships,00:00.0,1749.38,,847.28
MX,partnerships,00:00.0,1608.7,,945.89
NL,direct,00:00.0,45.37,,24.97
NL,direct,00:00.0,40.47,,33.14
NL,direct,00:00.0,36.79,,31.76
NL,direct,00:00.0,28.2,,21.98
NL,direct,00:00.0,41.69,,27.87
NL,direct,00:00.0,33.11,,27.07
NL,direct,00:00.0,38.01,,12.9
NL,direct,00:00.0,30.66,,19.12
NL,direct,00:00.0,44.15,,20.31
NL,direct,00:00.0,36.29,,23.14
NL,direct,00:00.0,23.72,,24.28
NL,direct,00:00.0,21.63,,21.65
NL,online,00:00.0,2937.41,,727.53
NL,online,00:00.0,2527.19,,841.23
NL,online,00:00.0,3393.2,,1212.59
NL,online,00:00.0,3143.93,,1305.03
NL,online,00:00.0,1620.89,,1392.86
NL,online,00:00.0,3017.39,,1254.54
NL,online,00:00.0,2426.83,,928.32
NL,online,00:00.0,2847.51,,867.18
NL,online,00:00.0,3452.07,,1226.21
NL,online,00:00.0,3202.23,,1271.19
NL,online,00:00.0,3767.32,,1320.25
NL,online,00:00.0,2567.95,,1254.93
NL,partnerships,00:00.0,57.01,,18.59
NL,partnerships,00:00.0,58.98,,19.64
NL,partnerships,00:00.0,68.81,,31.32
NL,partnerships,00:00.0,74.71,,36.5
NL,partnerships,00:00.0,60.94,,35.22
NL,partnerships,00:00.0,53.08,,43.99
NL,partnerships,00:00.0,41.28,,53.8
NL,partnerships,00:00.0,57.01,,18.43
NL,partnerships,00:00.0,68.81,,35.07
NL,partnerships,00:00.0,47.09,,34.62
NL,partnerships,00:00.0,53.82,,47.29
NL,partnerships,00:00.0,60.55,,44.82
NO,direct,00:00.0,20.48,,23.82
NO,direct,00:00.0,6.82,,20.34
NO,direct,00:00.0,9.1,,13.98
NO,direct,00:00.0,6.82,,14.41
NO,direct,00:00.0,5.69,,9.41
NO,direct,00:00.0,3.41,,7.82
NO,direct,00:00.0,10.24,,6.73
NO,direct,00:00.0,5.69,,8.67
NO,direct,00:00.0,15.93,,8.23
NO,direct,00:00.0,10.24,,7.67
NO,direct,00:00.0,18.21,,6.2
NO,direct,00:00.0,9.1,,8.76
NO,online,00:00.0,1714.04,,507.23
NO,online,00:00.0,2092.78,,499.52
NO,online,00:00.0,2792.97,,742.01
NO,online,00:00.0,1838.72,,861.37
NO,online,00:00.0,2261.2,,1082.37
NO,online,00:00.0,2127.06,,1329.24
NO,online,00:00.0,1675.82,,946.19
NO,online,00:00.0,2374.76,,1056.29
NO,online,00:00.0,2320.77,,1143.16
NO,online,00:00.0,2204.91,,1061.43
NO,online,00:00.0,2683.79,,1164.08
NO,online,00:00.0,1624.57,,1085.59
NO,partnerships,00:00.0,137.34,,7.01
NO,partnerships,00:00.0,106.62,,17.15
NO,partnerships,00:00.0,88.54,,39.36
NO,partnerships,00:00.0,54.21,,59.62
NO,partnerships,00:00.0,97.58,,53.23
NO,partnerships,00:00.0,54.21,,64.88
NO,partnerships,00:00.0,41.56,,42.43
NO,partnerships,00:00.0,52.4,,51.98
NO,partnerships,00:00.0,37.94,,25.29
NO,partnerships,00:00.0,27.1,,28.06
NO,partnerships,00:00.0,75.89,,25.35
NO,partnerships,00:00.0,68.67,,46.66
SE,direct,00:00.0,26.08,,37.98
SE,direct,00:00.0,26.08,,44.24
SE,direct,00:00.0,30.43,,43.11
SE,direct,00:00.0,11.59,,38.19
SE,direct,00:00.0,27.53,,37.68
SE,direct,00:00.0,17.38,,30.4
SE,direct,00:00.0,15.93,,20.57
SE,direct,00:00.0,24.63,,15.25
SE,direct,00:00.0,52.16,,21.14
SE,direct,00:00.0,28.58,,26.67
SE,direct,00:00.0,49.98,,32.93
SE,direct,00:00.0,16.66,,24.18
SE,online,00:00.0,2011.11,,369.28
SE,online,00:00.0,1957.93,,517.76
SE,online,00:00.0,2695.68,,727.52
SE,online,00:00.0,1985.65,,948.14
SE,online,00:00.0,2318.73,,951.8
SE,online,00:00.0,2147.34,,980.4
SE,online,00:00.0,1805.4,,1048.71
SE,online,00:00.0,2193.33,,878.04
SE,online,00:00.0,2166.37,,893.16
SE,online,00:00.0,2088.62,,781.2
SE,online,00:00.0,2600.47,,797.76
SE,online,00:00.0,1829.13,,867.93
SE,partnerships,00:00.0,5.34,,4.02
SE,partnerships,00:00.0,14.25,,3.66
SE,partnerships,00:00.0,21.38,,3.72
SE,partnerships,00:00.0,10.69,,6.03
SE,partnerships,00:00.0,16.04,,6.69
SE,partnerships,00:00.0,8.91,,6.62
SE,partnerships,00:00.0,3.56,,6.32
SE,partnerships,00:00.0,8.91,,4.37
SE,partnerships,00:00.0,7.12,,3.76
SE,partnerships,00:00.0,2.51,,2.9
SE,partnerships,00:00.0,3.34,,2.49
SE,partnerships,00:00.0,1.67,,2.02
